ticker,iv_annualized,expiry_date,strike,data_source
AAPL,0.2504,2026-05-15,280.0,options_chain
MSFT,0.294,2026-05-15,415.0,options_chain
NVDA,0.3833,2026-05-15,197.5,options_chain
GOOGL,0.3068,2026-05-15,385.0,options_chain
AMZN,0.3031,2026-05-15,267.5,options_chain
META,0.3317,2026-05-15,610.0,options_chain
TSLA,0.4316,2026-05-15,390.0,options_chain
AVGO,0.463,2026-05-15,422.5,options_chain
AMD,0.7861,2026-05-15,360.0,options_chain
ORCL,0.5735,2026-05-15,172.5,options_chain
CRM,0.4735,2026-05-15,185.0,options_chain
ADBE,0.4585,2026-05-15,250.0,options_chain
QCOM,0.4713,2026-05-15,175.0,options_chain
TXN,0.3518,2026-05-15,280.0,options_chain
IBM,0.3115,2026-05-15,232.5,options_chain
CSCO,0.4805,2026-05-15,92.0,options_chain
INTU,0.5696,2026-05-15,400.0,options_chain
NOW,0.6157,2026-05-15,91.0,options_chain
INTC,0.8477,2026-05-15,100.0,options_chain
MU,0.7568,2026-05-15,540.0,options_chain
AMAT,0.7125,2026-05-15,390.0,options_chain
PANW,0.4928,2026-05-15,180.0,options_chain
PLTR,0.7605,2026-05-15,144.0,options_chain
SNOW,0.6669,2026-05-15,141.0,options_chain
LLY,0.3848,2026-05-15,965.0,options_chain
UNH,0.2911,2026-05-15,370.0,options_chain
JNJ,0.266,2026-05-15,227.5,options_chain
ABBV,0.32,2026-05-15,207.5,options_chain
MRK,0.3342,2026-05-15,112.0,options_chain
AMGN,0.2915,2026-05-15,330.0,options_chain
GILD,0.481,2026-05-15,132.0,options_chain
REGN,0.4262,2026-05-15,700.0,options_chain
VRTX,0.4932,2026-05-15,420.0,options_chain
MDT,0.2622,2026-05-15,80.0,options_chain
BMY,0.3125,2026-05-15,58.0,options_chain
PFE,0.2461,2026-05-15,26.5,options_chain
SYK,0.3164,2026-05-15,310.0,options_chain
ISRG,0.3471,2026-05-15,457.5,options_chain
TMO,0.3109,2026-05-15,470.0,options_chain
ABT,0.2993,2026-05-15,89.0,options_chain
ELV,0.3722,2026-05-15,370.0,options_chain
CI,0.31,2026-05-15,282.5,options_chain
ZTS,0.5635,2026-05-15,115.0,options_chain
JPM,0.2642,2026-05-15,312.5,options_chain
BAC,0.2715,2026-05-15,53.0,options_chain
GS,0.3526,2026-05-15,925.0,options_chain
MS,0.3225,2026-05-15,190.0,options_chain
WFC,0.2715,2026-05-15,81.0,options_chain
V,0.2282,2026-05-15,327.5,options_chain
MA,0.2835,2026-05-15,495.0,options_chain
BLK,0.3437,2026-05-15,1060.0,options_chain
AXP,0.3056,2026-05-15,320.0,options_chain
C,0.3682,2026-05-15,127.0,options_chain
BRK-B,0.2597,2026-05-15,472.5,options_chain
SPGI,0.3495,2026-05-15,430.0,options_chain
MCO,0.3157,2026-05-15,460.0,options_chain
WMT,0.2565,2026-05-15,132.0,options_chain
HD,0.3336,2026-05-15,325.0,options_chain
MCD,0.2925,2026-05-15,287.5,options_chain
COST,0.2298,2026-05-15,1010.0,options_chain
SBUX,0.292,2026-05-15,106.0,options_chain
NKE,0.3672,2026-05-15,44.5,options_chain
LOW,0.3551,2026-05-15,230.0,options_chain
TGT,0.2899,2026-05-15,129.0,options_chain
KO,0.1987,2026-05-15,79.0,options_chain
PEP,0.24,2026-05-15,157.5,options_chain
PG,0.231,2026-05-15,147.0,options_chain
PM,0.313,2026-05-15,167.5,options_chain
MDLZ,0.2944,2026-05-15,61.0,options_chain
XOM,0.372,2026-05-15,152.5,options_chain
CVX,0.3265,2026-05-15,190.0,options_chain
COP,0.3943,2026-05-15,123.0,options_chain
SLB,0.4033,2026-05-15,57.0,options_chain
EOG,0.4133,2026-05-15,139.0,options_chain
PSX,0.4453,2026-05-15,175.0,options_chain
GE,0.4461,2026-05-15,287.5,options_chain
CAT,0.3899,2026-05-15,890.0,options_chain
BA,0.3803,2026-05-15,227.5,options_chain
RTX,0.311,2026-05-15,175.0,options_chain
HON,0.2625,2026-05-15,212.5,options_chain
UNP,0.2372,2026-05-15,267.5,options_chain
DE,0.3815,2026-05-15,575.0,options_chain
ETN,0.5131,2026-05-15,425.0,options_chain
LMT,0.3356,2026-05-15,515.0,options_chain
NOC,0.3153,2026-05-15,570.0,options_chain
DIS,0.5073,2026-05-15,103.0,options_chain
T,0.2686,2026-05-15,26.0,options_chain
VZ,0.2583,2026-05-15,48.0,options_chain
CMCSA,0.3389,2026-05-15,27.0,options_chain
NFLX,0.3162,2026-05-15,92.0,options_chain
SPY,0.1449,2026-05-15,721.0,options_chain
QQQ,0.2032,2026-05-15,674.0,options_chain
IWM,0.2202,2026-05-15,279.0,options_chain
VTI,0.1553,2026-05-15,355.0,options_chain
VOO,0.1842,2026-05-15,662.5,options_chain
VEA,0.2383,2026-05-15,69.0,options_chain
EEM,0.2827,2026-05-15,64.0,options_chain
TLT,0.1187,2026-05-15,85.5,options_chain
BND,0.0811,2026-05-15,73.0,options_chain
AGG,0.0938,2026-05-15,99.0,options_chain
HYG,0.0862,2026-05-15,80.0,options_chain
XLF,0.2222,2026-05-15,52.0,options_chain
XLE,0.3254,2026-05-15,59.0,options_chain
XLK,0.2883,2026-05-15,162.0,options_chain
XLV,0.4321,2026-05-15,145.0,options_chain
XLI,0.3125,2026-05-15,173.0,options_chain
VNQ,0.1687,2026-05-15,96.0,options_chain
SCHD,0.1309,2026-05-15,32.0,options_chain
VIG,0.1629,2026-05-15,230.0,options_chain
JEPI,0.0894,2026-05-15,57.0,options_chain
ARKK,0.4609,2026-05-15,77.0,options_chain
GLD,0.2499,2026-05-15,423.0,options_chain
IAU,0.2808,2026-05-15,87.0,options_chain
SLV,0.4844,2026-05-15,68.5,options_chain
SPXL,0.4984,2026-05-15,247.5,options_chain
TQQQ,0.5786,2026-05-15,65.0,options_chain
SOXL,1.1729,2026-05-15,130.0,options_chain
