date,AAPL,MSFT,NVDA,GOOGL,XOM
2024-03-05,-0.028853269672375607,-0.03001807260982681,0.00853986847505806,-0.005112389124072511,0.012190547776040957
2024-03-06,-0.005895643804809208,-0.0013917012140626734,0.031331309736342954,-0.009618566195368772,0.010639828680090333
2024-03-07,-0.0007097713623852293,0.017381434910353002,0.04377408654823956,0.022425456325889145,0.00560395569528094
2024-03-08,0.010184668197105862,-0.007162423114616121,-0.05707516910148407,0.007635520217972666,0.0093627346440251
2024-03-11,0.0117620304782979,-0.004193819246259924,-0.020242844533405493,0.01655227657332004,0.005887743289445506
2024-03-12,0.0027746777197073993,0.026251905220286753,0.06912661441529622,0.006010809980708239,-0.006441441819944718
2024-03-13,-0.012196656002547848,-0.00043345597104146654,-0.011214663046110513,0.009270923979991665,0.011108571158186309
2024-03-14,0.010868178141530831,0.02408720402588149,-0.03292770502918589,0.023402717882298387,0.017557075615614322
2024-03-15,-0.002199029749393404,-0.020912360521309663,-0.0012174420796632536,-0.013508157106122288,-0.0017958823922109711
2024-03-18,0.006352210784237806,0.0021589924410432134,0.007011140869750069,0.045012085549217803,0.009214261896294802
2024-03-19,0.013493623229149182,0.009752831530265139,0.010604518109610736,-0.0044112056041264065,0.007009985664858097
2024-03-20,0.014602056497503789,0.009023927697240247,0.010836078305766118,0.011563279583503939,-0.0008846392273178817
2024-03-21,-0.04171555960835869,0.009688906322925376,0.011693772828339695,-0.00769404690848268,0.0044155347429138585
2024-03-22,0.005296196937580593,-0.0014684320674551467,0.030736158041855886,0.02124967297807211,0.0
2024-03-25,-0.008335236762317852,-0.013809357656360974,0.007533441008809689,-0.004653424431816763,0.01016925563930279
2024-03-26,-0.006694587336970232,-0.0028657219344446253,-0.026030034926005873,0.00398993006039693,-0.007529420850877443
2024-03-27,0.020990547002518217,-0.0005218970856573855,-0.025284244515632208,0.0013265488099354122,0.010316511691021739
2024-03-28,-0.0106152347379615,-0.001686044083047624,0.0011737588131017758,0.0003976217378969588,0.010985850576930321
2024-04-01,-0.008491824930383455,0.009109236040391058,7.746948016831075e-05,0.02976522108761337,0.006431556155222479
2024-04-02,-0.0070232364061876915,-0.007399443400591026,-0.010132617560315015,-0.0059990633881609684,0.019385118338949237
2024-04-03,0.00478593330506446,-0.002351857501123335,-0.005470369753063354,0.0023264283597516644,0.0001676853395379141
2024-04-04,-0.004904404879617776,-0.006131202579854551,-0.03498974832351593,-0.028746491131693315,0.0035143672233468658
2024-04-05,0.004491718798502383,0.018117560278008232,0.024185688330958507,0.013002439107711533,0.013688128464094106
2024-04-08,-0.006685749869397363,-0.002187838530653949,-0.009992179682986066,0.01529209531195279,-0.006779193617045755
2024-04-09,0.007216327949144959,0.003972279637823387,-0.020628413260556238,0.011237890492492101,0.005212458524592459
2024-04-10,-0.011201781401945266,-0.0071095830900454685,0.019549092085809943,-0.0029415025478580024,0.008381929674870399
2024-04-11,0.04236089487710172,0.010972815280656644,0.04027458000054503,0.02072645289594389,-0.003360796775512241
2024-04-12,0.008589702088770171,-0.014191303883541995,-0.02718263530022371,-0.010594986513554002,-0.011727898353036175
2024-04-15,-0.02210608658437437,-0.01977212944358684,-0.02508922622762616,-0.018363177227915223,-0.0057488498777117395
2024-04-16,-0.01935329751135532,0.002269832075835477,0.01630785615585237,-0.002974901012613429,-0.00830634692910655
2024-04-17,-0.008180820626132642,-0.0066309539622629796,-0.039433380802694894,0.006906278297559883,-0.0005057956401300155
2024-04-18,-0.005730753193213329,-0.018552103772828395,0.007539618798809882,0.00346708934723466,-0.0009275554585598747
2024-04-19,-0.012287767307182748,-0.012820757163899701,-0.10541153591956817,-0.012383295472425868,0.011409487750362565
2024-04-22,0.005078017050291454,0.004599572148892712,0.042621886737217236,0.014112588886011877,0.005656329977466723
2024-04-23,0.006371303149682673,0.016351004821483266,0.035881075034019445,0.012590019580974481,0.003890771029736443
2024-04-24,0.012622286101403877,0.0036491278149465758,-0.033883494884850915,0.005482330086104999,0.00016539573494632506
2024-04-25,0.005134017601427915,-0.024800180399245978,0.036416022654826,-0.019865646176504295,0.0023103864532091427
2024-04-26,-0.0034786509092230447,0.01807936841975299,0.059923877124310194,0.0973476782963997,-0.028168573610605322
2024-04-29,0.024505060518268278,-0.010067185614679982,0.00025081435410739784,-0.03431256461232801,0.014141703365480141
2024-04-30,-0.018439735698653884,-0.032646651776745465,-0.015560860032680536,-0.020491500679317837,-0.01151706864594222
2024-05-01,-0.006065324819614389,0.014306652729412207,-0.039676495923526886,0.00661274437533928,-0.019121487000740824
2024-05-02,0.021792550805369782,0.007316082819165067,0.03288269432172872,0.016703492215098596,0.0018082478765758271
2024-05-03,0.058095496739367945,0.021927553432902584,0.034045624795518974,0.003714297081095829,-0.0020667356611976688
2024-05-06,-0.009148488044182454,0.01677672315539827,0.037046348926165734,0.00512904547944674,0.006444749566287107
2024-05-07,0.003790066947920564,-0.010208202495238072,-0.017362724202848265,0.01856532927922458,-0.004980282923840789
2024-05-08,0.0018623604828177306,0.0029273967837384167,-0.0015692101969916827,-0.01097969946049127,-0.00017213347332393713
2024-05-09,0.009964479744150498,0.004326205426554674,-0.01858739297583987,0.003418376775438609,0.019523951477974037
2024-05-10,-0.006914125198591255,0.005852159231133837,0.012663499417981386,-0.007737698582855347,-0.004060944581272008
2024-05-13,0.017491438049413482,-0.0024623932518027768,0.005780094896002099,0.0029012672873327127,-0.00042389149344683306
2024-05-14,0.006154607988144351,0.006841141335988239,0.010530742637778406,0.0070697070419912435,0.006052096111560676
2024-05-15,0.012143968786535442,0.017332831585957376,0.035210448981413636,0.01265873372119749,0.007703790112951319
2024-05-16,0.0006322329884153819,-0.004952168486130353,-0.002867774344309063,0.009634044367182735,-0.006005580074023344
2024-05-17,0.00015801605730345064,-0.0018545620642327855,-0.020125197642003684,0.010735536568588739,0.014904859206894449
2024-05-20,0.006143231020230612,0.012134383480633826,0.02457694191004482,0.004872985252944139,-0.008140712133179148
2024-05-21,0.006833856887409858,0.00866128994576785,0.006373253660541132,0.0052428562001200175,-0.006933941357672295
2024-05-22,-0.0075669865742462,0.0034435764368212743,-0.0045812870939112085,-0.008299807714118288,-0.02031517440230171
2024-05-23,-0.021282965869923308,-0.008209792304391639,0.0891059770996187,-0.016175054590938598,-0.017206415897844916
2024-05-24,0.01645198925669063,0.007373180576021557,0.02539739131405824,0.00826315312951594,-0.0007933493722067999
2024-05-28,5.26899366107415e-05,0.00037203364260211407,0.06747581252803195,0.008025288690444086,0.01261642061449698
2024-05-29,0.0015777923904969162,-0.002676043129777388,0.008079565853126592,-0.00283854488268795,-0.01076653506324442
2024-05-30,0.005241374134403084,-0.03437011756746405,-0.03839366516891213,-0.021781988461262065,0.003163211351887896
2024-05-31,0.005005950251496233,0.0011087606675656012,-0.007877073981286769,0.002263561020270954,0.028282968212581843
2024-06-03,0.009216273532842031,-0.003885940503960858,0.047793659760665436,0.0038766958002114326,-0.024255648731227535
2024-06-04,0.0016477466745187415,0.0061476559995215785,0.012418342147208909,0.003573703477399511,-0.01567488828536329
2024-06-05,0.007790500661383266,0.018903591111009695,0.05027066616327727,0.009278502697919525,0.0039860628926100174
2024-06-06,-0.00712169303672363,0.0012019520060469924,-0.011847083626323548,0.007497018774884128,0.007486073648089696
2024-06-07,0.01231581882427514,-0.0015793772531697205,-0.0009094696520578248,-0.01292763416935049,-0.010762285073170494
2024-06-10,-0.01933347667400183,0.009439712913173005,0.007433736130418395,0.004294674968859972,0.0029225453665062706
2024-06-11,0.0701313793441919,0.011179123039707334,-0.007169690755509305,0.009157403941641079,-0.008079934383070976
2024-06-12,0.02817768757137931,0.019182377066619235,0.034865997964303216,0.006602558697944509,-0.011116175431690524
2024-06-13,0.005476084912835394,0.001178349967896663,0.03461730860327099,-0.014903148793466534,-0.008055526077675594
2024-06-14,-0.008201967415400139,0.002239400807206422,0.017362708221454425,0.009262778114176896,-0.008487328579936506
2024-06-17,0.01948052500799044,0.013020138236618042,-0.006847780905889778,0.002541983111854124,-0.006897522421697833
2024-06-18,-0.011045248461060647,-0.004537745190810168,0.034517081960814766,-0.012204551438022798,0.009369065321511936
2024-06-20,-0.02174765914211257,-0.0014349304074437192,-0.036045213146254314,0.006886979748163626,0.021346562433462526
2024-06-21,-0.010499239972582737,0.009112498321500339,-0.032721115077384726,0.018712058185444084,-0.008808928141039545
2024-06-24,0.0031277491830574472,-0.004702142249007062,-0.06917914310071938,-0.002284899330317826,0.029271142409613284
2024-06-25,0.0044581404064262045,0.007300028570173692,0.06537958027269454,0.026484516499916098,0.0028020446668964812
2024-06-26,0.01979598338641585,0.002679743720383693,0.0024556203354799268,-0.0008154162142212825,0.00034960691861881223
2024-06-27,0.003978003700478446,0.001524756427215051,-0.01925054622286977,0.008286277949264398,0.004273675159655668
2024-06-28,-0.01638763737368598,-0.013114273718251968,-0.0036359282993508016,-0.017739213533430557,0.0019128951723386834
2024-07-01,0.02868901963138108,0.021645751041512628,0.006132964168426891,0.004601097427942249,-0.0013908078943147845
2024-07-02,0.01610950248931142,0.005567590898530048,-0.013200150672333608,0.012220765144570999,-0.006808134068630573
2024-07-03,0.0057942809381213035,0.0032388905694727835,0.044717458123474475,0.0031261349737476433,0.005066758576368225
2024-07-05,0.02138991166975554,0.01462864138992292,-0.019283547617196976,0.025398546551463026,-0.012186197604122668
2024-07-08,0.006517692731726361,-0.002827110566817787,0.018659521150225147,-0.008271241285438716,-0.010551966807153
2024-07-09,0.003767707861402857,-0.014474547135605621,0.024502692733168407,-0.0002646514793304487,-0.011115251730547282
2024-07-10,0.018628963793610096,0.014496040949003607,0.026514046042048243,0.011574168564716006,0.0087949156928935
2024-07-11,-0.023494749339464754,-0.025084074733061623,-0.05727623821578353,-0.029782921957315595,0.011813413786553878
2024-07-12,0.012966559575021516,-0.0025323097396167714,0.014339618560699888,-0.002698228634293362,0.0001765474854267513
2024-07-15,0.016604706217732967,0.0009034584995360623,-0.006209444449040415,0.007858105465057084,0.016982150107127465
2024-07-16,0.0017902136343409185,-0.009828669675223197,-0.016327050542195944,-0.014091407825925823,0.007178465302031064
2024-07-17,-0.025621532289044808,-0.013437505273292336,-0.06853504539105092,-0.01589329003839341,0.013694028286363388
2024-07-18,-0.020748531486561927,-0.007127597761779016,0.025934108859905238,-0.018567117992336964,0.009812408259378815
2024-07-19,0.000579771477941313,-0.007430570873884287,-0.026442656847973166,-0.0001687436949454833,-0.023248027963242587
2024-07-22,-0.00156145194586809,0.013249585970620321,0.04647372409762641,0.02232030372971236,-0.006916261221083641
2024-07-23,0.0046772654362977175,0.004302829129112936,-0.007719573689228605,0.0006603365977747521,-0.016267588275461504
2024-07-24,-0.02917587083937127,-0.03651325983035099,-0.07045631220644794,-0.05170166351448228,0.014009452337208309
2024-07-25,-0.004816072926076562,-0.0247860169009281,-0.017393452821558568,-0.03148155500000147,0.02082345150873896
2024-07-26,0.002158720629763719,0.016286418113187574,0.006922840044803416,-0.001675284290653361,-0.0008520984507219936
2024-07-29,0.0012837972771578348,0.003427228583350977,-0.013087076778852557,0.015036030104546391,-0.010538404973739307
2024-07-30,0.0025627309801445042,-0.008968414663726483,-0.07304003761743572,0.004472984637610379,0.01767233378931299
2024-07-31,0.014879581226529078,-0.010864554009111908,0.1205533286901517,0.007313544496465652,0.0035479016423524763
2024-08-01,-0.01689267786378792,-0.002968628429155113,-0.06907216489355981,-0.004557302652368545,-0.013925750629451967
2024-08-02,0.006845934785965358,-0.02088246196057756,-0.017923675903090804,-0.02430317242442403,-0.000598702777813253
2024-08-05,-0.04936570787270029,-0.03320193424843586,-0.06568884236542537,-0.045480532642158567,-0.018217666356404608
2024-08-06,-0.00979604203187069,0.011223579432241795,0.037131875219130875,-0.006046456849343783,-0.005328979404447528
2024-08-07,0.012420765724187996,-0.0029572145092219616,-0.05258165170464457,0.0040980074432970075,0.01322666229694386
2024-08-08,0.016496465824327153,0.010635249454263699,0.0594642866137241,0.019254561681294472,0.018924140596071254
2024-08-09,0.013642481805766906,0.008235323607650826,-0.002098040410616968,0.010070857578011882,0.008110269796660071
2024-08-12,0.007104605371888142,0.0019438732124159224,0.03995481338731912,-0.008467510020969403,0.001261338698699687
2024-08-13,0.017047037350626817,0.017543788011646876,0.06326494963811401,0.011456776443060306,-0.009626027237438902
2024-08-14,0.0020314593221114987,0.006860382370037797,0.01656618697879805,-0.023357903824104253,0.009205757754791263
2024-08-15,0.013439932756963428,0.0117543991280325,0.03968305395067563,0.005782315841624058,0.006167393032935627
2024-08-16,0.005901027561271939,-0.0060988724677538565,0.013902449071799425,0.010238898147734309,-0.00472775699440419
2024-08-19,-0.0007080362336989331,0.007285616676511012,0.04258655774012077,0.0225109191356963,0.0030418564290175354
2024-08-20,0.0027409286465810527,0.0077276312160305515,-0.02138095536908518,0.0030552275485529884,-0.03389285244141298
2024-08-21,-0.00048575356714340126,-0.0015547470933022264,0.009775247037409384,-0.007987255465167873,-0.006391486741321076
2024-08-22,-0.008294049488802305,-0.020460812110344555,-0.037746313829189956,-0.012437458834269744,0.007699783711199774
2024-08-23,0.010235649620812791,0.002979588407422532,0.04449394444207591,0.011049689790445153,0.013763406564650178
2024-08-26,0.0014977434657738084,-0.007949229825706693,-0.02275042178900575,0.0032552063830235864,0.021180709262392218
2024-08-27,0.0037345401319035924,0.000846229715946597,0.014445263468091994,-0.008947112104369064,-0.009556551140737267
2024-08-28,-0.006776351301329013,-0.00785993435981374,-0.0211894165348478,-0.011174638476837893,-0.009906185088832167
2024-08-29,0.014465025410307758,0.006118480534165857,-0.06597794410175065,-0.006592095019474877,0.013722688016906808
2024-08-30,-0.0034438068221508827,0.009683838224970903,0.015023933651836126,0.009841443463619433,-0.0016095226037713443
2024-09-03,-0.027582168350886626,-0.018631495757825745,-0.10009672884340852,-0.0375428175648073,-0.021165370268882017
2024-09-04,-0.008656113681560084,-0.0013197347505974938,-0.016712903649258166,-0.005799530149994245,-0.012286048993867208
2024-09-05,0.00690391161248481,-0.0012480678349423644,0.009371344724577835,0.005036833006205627,-0.007833567583172205
2024-09-06,-0.007039811851625284,-0.016517032042382807,-0.04171240867143849,-0.04102342674965426,-0.004694174358043506
2024-09-09,0.00040757579719772187,0.009957698704273075,0.03478603170428085,-0.013425806733860474,0.02082209335360204
2024-09-10,-0.003628121167121491,0.020685689185307946,0.015193441716138137,-0.00033617957776429006,-0.037111773488415364
2024-09-11,0.01151864861565773,0.02111786108929156,0.07834776500741118,0.01667712679630965,-0.009975587308272877
2024-09-12,0.0004939106749664769,0.009317203282589509,0.018980410397306097,0.023084248145648783,0.013668444524932889
2024-09-13,-0.0012127996119899612,0.008372346986692656,-0.0003358726283659943,0.01774829705905269,-0.0007194398916889749
2024-09-16,-0.028168354441495385,0.00174029132541953,-0.0196716222704719,0.0038031683163130014,0.013937449365921369
2024-09-17,0.0021703569620557892,0.008794183511169557,-0.010242385794682224,0.007940121779735972,0.0129580432830905
2024-09-18,0.017829900607740323,-0.010023722228846644,-0.01939267623995325,0.003070921366802096,0.003497089384308381
2024-09-19,0.03639522347783817,0.01812596714424637,0.038925636461844,0.014474436997110252,0.012316931306292873
2024-09-20,-0.002931882833632184,-0.007826565394854391,-0.015992098967804742,0.008903174457427051,-0.006313068220685056
2024-09-23,-0.0076098589586915955,-0.004051601051815549,0.002238791504473737,-0.010693323076502097,0.017969037837738785
2024-09-24,0.00396612830636882,-0.010061690098532035,0.038886564096068776,0.002714756619440472,-0.002644938407651025
2024-09-25,-0.00440779687646421,0.0068269257397337675,0.021606479583318294,-0.004941467820197881,-0.01967121046415637
2024-09-26,0.005067347885058852,-0.0018530740623745473,0.004281931595762699,0.007649063102969578,-0.017313579535383282
2024-09-27,0.0011858539694110132,-0.00765714610667664,-0.021513159690851165,0.0074692232418965745,0.02642074535274067
2024-09-30,0.022614416974215977,0.005312770857285518,0.000329510337549388,0.011522308214602081,0.012015425004511677
2024-10-01,-0.02957465380152786,-0.022586444461862292,-0.03724650757784011,0.006849971587450606,0.02285562549120656
2024-10-02,0.0025165632465533063,-0.00849827111093992,0.015688319165670383,-0.00678973323509844,0.013170424655039597
2024-10-03,-0.004906614288192976,-0.00141545849223182,0.03310189470613244,0.0,0.008685198590920677
2024-10-04,0.004994858066733642,-0.0011530305184792844,0.016709403860813807,0.007208907418489588,0.01818894517323184
2024-10-07,-0.022788529638374057,-0.015794962377038334,0.02216682927019195,-0.02472565683586133,0.00431659459798919
2024-10-08,0.018236709844267302,0.012544913414577048,0.03968131682871131,0.008553456119489643,-0.02692046873088085
2024-10-09,0.01656050247475251,0.006609314635004209,-0.0018075912927999847,-0.015449101355513153,0.0004093842769764919
2024-10-10,-0.0021806351383672398,-0.003888130043854494,0.016152226570336447,0.0013583577938441251,0.008563535425771934
2024-10-11,-0.006526573194185085,0.0011535659642084527,-7.405664408115913e-05,0.00713153644123714,0.003809633514533851
2024-10-14,0.01634556282482306,0.006750769941913454,0.02396862957161232,0.010481439653433247,0.003795045877113094
2024-10-15,0.010964301773156342,-0.0009547423762998756,-0.04799380089788591,0.0030263729980496987,-0.03052229061461393
2024-10-16,-0.008891290751002466,-0.0062765554404319605,0.030827000439657595,-0.0018145944154536117,0.002572507235675257
2024-10-17,0.0015950636272359852,0.0014408914576338086,0.008875780024297607,-0.013594207513662922,-0.002572507235675275
2024-10-18,0.012201755139940113,0.003449647955760788,0.0077838696637059415,0.0030028880478056947,-0.002829215029153668
2024-10-21,0.00627816950525312,0.0014814944316089394,0.04054367112187221,0.00396970205351987,0.0005832502624529088
2024-10-22,-0.0026251540930381356,0.02063201596488416,-0.0008353422607355994,0.006500347625524657,0.005149804604700209
2024-10-23,-0.021860305587140763,-0.006830101374754473,-0.028467467036121647,-0.014394100624598258,-0.00356894336691505
2024-10-24,-0.0008236002782339193,0.00030600817736475496,0.006072150576929348,-0.0003685142524136156,-0.005669902347006622
2024-10-25,0.0036364597655417197,0.008019938983353249,0.00801561364956664,0.015549537858021796,-0.0008366003517517471
2024-10-28,0.008562589687949785,-0.0036501603471847414,-0.007232402857319112,0.008735294109063641,-0.00494982100635807
2024-10-29,0.0011562593064754299,0.012486490497482091,0.00518140000496346,0.017598387508231696,-0.013718628813528968
2024-10-30,-0.015395888599896556,0.0013417971771124979,-0.013614365766067709,0.027781312318207112,-0.005043261220275169
2024-10-31,-0.018377319646878623,-0.06243677759899472,-0.04837401162914677,-0.019388765337157048,0.0007708812220725993
2024-11-01,-0.01336852352267708,0.009844308064115551,0.01969043588922478,0.0010513344927998419,-0.015794572573110174
2024-11-04,-0.0040456433394035355,-0.004665332982065731,0.00478904703508703,-0.012040159248194984,0.03134355065721024
2024-11-05,0.0064651138254518134,0.007317938934530326,0.027977038523754535,0.0029500405497116873,0.0029465114981001564
2024-11-06,-0.003272293857174506,0.020971431516667426,0.039932439320812856,0.03910964013963873,0.0170031833476459
2024-11-07,0.02114697645662137,0.012417158714774043,0.02220881939051525,0.023737305221220927,0.0012390571332641868
2024-11-08,-0.0011888904003589718,-0.0068162602768291,-0.008431620240758065,-0.013366918027696194,-0.0003302342177907317
2024-11-11,-0.012101599724031615,-0.010778701168551072,-0.016184035425265458,0.01115145529922256,-0.005298566377624333
2024-11-12,0.0,0.011937633220181222,0.020644644860229,0.0070171120738748444,-0.0009964934219314986
2024-11-13,0.00396134099661683,0.005116589023948487,-0.013715458869776969,-0.01520134586394476,0.00926311695070148
2024-11-14,0.013676495230255659,0.003966820022744677,0.0033442758271977143,-0.01862057495273489,0.0006638185080742194
2024-11-15,-0.014209645973853663,-0.028247928098136726,-0.03311251748847517,-0.017755200653362484,-0.010422518356257585
2024-11-18,0.013332980855177564,0.001829669179554217,-0.012972890640444842,0.016159363853152118,0.008346686884368602
2024-11-19,0.0011395484624636774,0.004870672307439244,0.04778747181089832,0.015958650277554227,-0.014062405067130544
2024-11-20,0.0031490205194984093,-0.00552043991414783,-0.007647675353840602,-0.012087143854446399,0.014145457585388528
2024-11-21,-0.002098177676336091,-0.004326088712345485,0.005332271265106755,-0.048611024009584586,0.013292224383547241
2024-11-22,0.005890069362698364,0.009953455741209144,-0.032710356948934205,-0.017269351296990518,-0.0011487777386190812
2024-11-25,0.012966438762304425,0.004283481548278267,-0.042672903783424095,0.017388545194843563,-0.015056586913350914
2024-11-26,0.009360569205563381,0.021730189121606108,0.0065948778490018175,0.00872997612061425,-0.016811336605841526
2024-11-27,-0.0005533082243189591,-0.011751375316011352,-0.011606814560208522,0.0006502532978328118,-0.002631222283125937
2024-11-29,0.010163989780199235,0.001110566644315841,0.021273715587895096,-0.0016558574736296146,0.0025464477660790733
2024-12-02,0.009477573029683793,0.017602635999916835,0.002744673886750865,0.014922256946499932,-0.0009329943194595081
2024-12-03,0.012690970820369615,0.0005104147482508198,0.011689512398268214,-0.0008751623805630393,-0.0015285304546359573
2024-12-04,0.0014824697102612135,0.014321690882204412,0.03420095933444592,0.01752950403177703,-0.02923245988580023
2024-12-05,0.00012348208120873777,0.011817806606418646,-0.0004824406836717148,-0.009970858436827231,0.004365652652070679
2024-12-06,-0.0008232493234844678,0.002144061057540624,-0.018226688860072494,0.01191889738354761,-0.01059789891866884
2024-12-09,0.01597291470261188,0.005508153138565475,-0.025814794011919478,0.0049159292426663405,-0.005916886611980601
2024-12-10,0.004125246529014003,-0.00604943683765782,-0.027312890067357407,0.054376361334975594,-0.002039365933912622
2024-12-11,-0.005179451258303637,0.012686306622105764,0.030908435127401213,0.05377433668452273,-0.006678721001331777
2024-12-12,0.005945923998415842,0.0012685898666131945,-0.014241993437873687,-0.017761694043429695,-0.0008939328041864569
2024-12-13,0.0006853848980213051,-0.005106846719802948,-0.022755880284121857,-0.0112106303651934,-0.008802876579038069
2024-12-16,0.011659448042268787,0.009612306849645272,-0.016901845686834616,0.03540006261123845,-0.0216139157573456
2024-12-17,0.009672632307345554,0.006335151068538097,-0.012271917053166837,-0.006325286387826393,-0.004249781790216395
2024-12-18,-0.02165451952123476,-0.038284634357638486,-0.011415294267217409,-0.03658376057408664,-0.014830323217401015
2024-12-19,0.0069900970249558905,-0.0008233726654762002,0.013636779688584738,0.0005836298860681954,-0.008587859330100265
2024-12-20,0.01864111657097287,-0.0009843132149178415,0.03029856619282355,0.015266766138869901,0.0034061857698184546
2024-12-23,0.0030601845153032372,-0.003096945616931813,0.03623260984299604,0.01668253220058882,0.004053456584318229
2024-12-24,0.011412656754646837,0.009330245580986416,0.003930120702749431,0.0075754900568580415,0.0009402567131427056
2024-12-26,0.0031707086222386126,-0.002780899793594505,-0.002070405620330218,-0.0026040038551966883,0.0008454683369806432
2024-12-27,-0.013330490588305434,-0.01745293409853703,-0.021088443572040184,-0.014625966804815028,-9.376439138858313e-05
2024-12-30,-0.013352234700505203,-0.013327944612058757,0.00349716305354325,-0.007916604103806226,-0.006784861277023264
2024-12-31,-0.0070829585355005895,-0.007869331392688115,-0.023549378486750698,-0.010196144995549505,0.016969323862087264
2025-01-02,-0.026586088252739067,-0.006951702942896305,0.029495743839188193,0.0006865475369085786,-0.002419985605819835
2025-01-03,-0.002011505726320049,0.01133126948448819,0.04357449190987532,0.012381443002885085,0.0051123178817972514
2025-01-06,0.006716437954164241,0.010573415119887592,0.033756070053507004,0.026142603296477482,-0.0011132200971149281
2025-01-07,-0.011453152137593065,-0.012891048694864782,-0.06418613606176692,-0.007034346729421943,0.009330782664258373
2025-01-08,0.0020209833962495623,0.005171617015508595,-0.0002139381356588428,-0.007908912312953435,-0.01687731031169538
2025-01-10,-0.02439904044584021,-0.013301773768508466,-0.030434919450235794,-0.009896732184514008,-0.0036537705288746673
2025-01-13,-0.010398111374222118,-0.0042096806850560825,-0.019916062616993333,-0.005377945764895856,0.025484302541485773
2025-01-14,-0.00478957413599805,-0.003650148263079361,-0.011094830287792094,-0.007092750960825238,0.0039267882726262025
2025-01-15,0.019484927004976428,0.02527501285951615,0.033436049936576145,0.030583210110024683,0.016182648069232787
2025-01-16,-0.04123902619961506,-0.004066309422617992,-0.01979248584723371,-0.013592274155201046,-0.0017053374292352753
2025-01-17,0.007507052116405549,0.010426389276899112,0.030524432715619207,0.015890715877756142,0.008942957184835591
2025-01-21,-0.03243624709178038,-0.0012359931441193212,0.022403425677288254,0.010404978096083666,-0.007596411602190952
2025-01-22,0.005330777604871423,0.04047652009310587,0.04335530962462631,0.0016143713928466743,-0.017557039155580833
2025-01-23,-0.0007598216358473748,0.0011422961806931825,0.0010192802084361431,-0.0019679257226058594,0.005644684117131571
2025-01-24,-0.00394228010456375,-0.005949924199806322,-0.03174443740492834,0.011200820097319816,-0.013619328745585033
2025-01-27,0.031285623382495,-0.021625682074325456,-0.1859461131303102,-0.042861590757962816,0.01380074602265951
2025-01-28,0.03589211890416014,0.02867195175804015,0.08549736499756076,0.018031532274252568,-0.019523054719645282
2025-01-29,0.004606120402086945,-0.010949792005265555,-0.04187561547375504,0.0005631728065690308,0.005814192021641317
2025-01-30,-0.0074222286221296,-0.06380174414114594,0.007650554032242074,0.02755794821607527,0.008247906936566298
2025-01-31,-0.006714687646088193,0.0001686810143569308,-0.037434957560758333,0.015560066117421384,-0.025324802672688593
2025-02-03,-0.03444220352315689,-0.010024431175532799,-0.02881111168562612,-0.013769495820902259,0.002430696728315516
2025-02-04,0.020790166853575074,0.0035222869339003103,0.016914141842964237,0.025270730670574816,0.02644723344535906
2025-02-05,-0.0014185063245415156,0.0022286215417970205,0.050774914838566575,-0.07571960585110483,-0.0007278330159013806
2025-02-06,0.0032210983185906425,0.006102907482596296,0.030375954440314153,0.0014103164708543006,-0.013284185966541748
2025-02-07,-0.02426071720808675,-0.014705285617547364,0.008974001432052398,-0.033217935636686104,0.004233428861593552
2025-02-10,0.0011866048432540657,0.006009946568521812,0.02832285544570781,0.006078319237248469,0.018921705939523265
2025-02-11,0.021596894859062483,-0.0018939037548226488,-0.005781311237643559,-0.006186260634851828,0.00628825220372413
2025-02-12,0.018105226158737837,-0.005850285554868431,-0.012578882595887327,-0.009270130773755172,-0.030548620053289705
2025-02-13,0.019482255428665253,0.0036603435344121594,0.031155132076395902,0.013685213481185749,0.007239676160481823
2025-02-14,0.01263057027613499,-0.00515275910090554,0.025973730416944656,-0.004900839096381783,0.0010167778692787746
2025-02-18,-0.0005316395030391844,0.002958161145576463,0.003953284849622854,-0.007913300369303685,0.017401277240259642
2025-02-19,0.0016348152823846033,0.012445285211847791,-0.0012203142952269862,0.008129276389357513,0.0014516503371560738
2025-02-20,0.003912749068740511,0.005276919470573655,0.00630060905147334,-0.003839653675058549,0.015294966052304872
2025-02-21,-0.0011396196737956537,-0.01921612397368516,-0.041384372250513404,-0.02690838544419531,-0.011765322709835203
2025-02-24,0.006292583527608945,-0.010366780415874879,-0.03135748577583991,-0.0022847724204552162,0.005226073826923381
2025-02-25,-0.00024284017802449242,-0.015214223369149333,-0.028416584572387975,-0.02159839926743157,-0.013936891192382601
2025-02-26,-0.02741248427073416,0.0045886131206852,0.03606298840298956,-0.015453455884694604,-0.002463554245564621
2025-02-27,-0.012812641569737163,-0.01817634185541821,-0.08859145138795066,-0.02479379193421271,0.006283926050958181
2025-02-28,0.018951168699580183,0.011298128389634683,0.038932529091025625,0.010508277785039164,0.01065559705257383
2025-03-03,-0.015879594879338637,-0.021643670751607412,-0.09094892921519282,-0.019390402893110857,-0.032592198367149175
2025-03-04,-0.008861605915058862,0.0003088179743623249,0.01677941445419693,0.023141870812848433,-0.002043662709035901
2025-03-05,-0.0008056607490407478,0.031435081512493405,0.01123076972455992,0.012211649839617996,-0.019720731573902944
2025-03-06,-0.001740708128012921,-0.010352085892590259,-0.05908597552508898,-0.0038798967926694907,0.02046440497462812
2025-03-07,0.01576767579810055,-0.009061122369076895,0.018991974651584323,0.008723087957030418,0.012924681884486524
2025-03-10,-0.04969413155181917,-0.034005851418937125,-0.051998852953005666,-0.04589507752583195,0.025180339082059897
2025-03-11,-0.029623889025018828,0.0007625035583681244,0.016501736476349838,-0.011094099478103277,-0.023896816021464835
2025-03-12,-0.017633190150835046,0.007384882112068829,0.06229466299076358,0.018542136188910093,-0.0002749691508518752
2025-03-13,-0.0342226432627698,-0.01181056545067752,-0.0013833929690728268,-0.026375600326448912,-0.0042240429843096805
2025-03-14,0.0180073893932623,0.025518561333319784,0.051349503358979635,0.016634042389433112,0.029289896441801366
2025-03-17,0.002386142298077467,0.0003601870827840724,-0.017745076192819703,-0.007277662406245742,0.016485448338636445
2025-03-18,-0.0061403364586418594,-0.013416014582775049,-0.03490306129225978,-0.02228053658287584,-0.0010555362351235594
2025-03-19,0.011917934923602554,0.011149551447065257,0.017944249473469273,0.01984292490224638,0.01545545111791619
2025-03-20,-0.005310501011020059,-0.0025301701130592416,0.008557462324550033,-0.006672979711959462,0.00423675525567827
2025-03-21,0.01928961890955973,0.011361115155968457,-0.007027070855381454,0.007283056628403473,-0.003457273440356941
2025-03-24,0.011207479483477613,0.00464087914614763,0.031034325734698574,0.022251837807111447,0.002594075003784153
2025-03-25,0.013589131323311613,0.005277622425667818,-0.005947997580503561,0.017029696671483362,0.006798856181493152
2025-03-26,-0.00997143511606741,-0.013220944205326898,-0.059134310275674694,-0.03277814640406551,0.014306684855933383
2025-03-27,0.010418183155279457,0.0015630307598033378,-0.020694319286351886,-0.0172322396424834,-0.003218169348789254
2025-03-28,-0.026940009156490887,-0.030624583045226406,-0.01592077694349004,-0.04998360581226168,-0.0013580596828079504
2025-03-31,0.019226604139278056,-0.009042798662691783,-0.011832353585052373,0.002006771281798888,0.010141239551146498
2025-04-01,0.004760651082845126,0.017952420337894296,0.01619958812828833,0.0155917120684268,0.0009244872263404643
2025-04-02,0.003131424661602211,-0.00013083737062266458,0.002448127312958385,-0.00019108547330840995,-0.0031131270127732827
2025-04-03,-0.09701333996766047,-0.023913750999347415,-0.08128106646665656,-0.041076608464839154,-0.054015681530894824
2025-04-04,-0.07568027827730078,-0.036213728577697724,-0.07642295152473849,-0.03456068734561913,-0.07467600283955132
2025-04-07,-0.037425944633356655,-0.0055177498019892135,0.03469994438982112,0.007867325167116222,-0.013508558650562975
2025-04-08,-0.051101834349552816,-0.009264277039620341,-0.013818840529489507,-0.014067976278900943,-0.021305588847272777
2025-04-09,0.142617325001121,0.0965247508184018,0.17162072342566922,0.09241613769490833,0.04870984230583089
2025-04-10,-0.04331868967150049,-0.023684766174878687,-0.06094727494711714,-0.037817856831921445,-0.05708050189375487
2025-04-11,0.039792247300101384,0.018447013458533324,0.03075763147074194,0.02787634577083688,0.0316173491962206
2025-04-14,0.021814287797572524,-0.0016489964988410032,-0.0019851986045258275,0.012207188439634533,0.002420841285164418
2025-04-15,-0.001878074221819785,-0.005377916425242271,0.013368736367194111,-0.017503206792496312,-0.002808836667147125
2025-04-16,-0.03971164938442461,-0.03729273027552107,-0.07119154777139383,-0.019248710974522305,0.010516864760861763
2025-04-17,0.013853268725293778,-0.010359988149301806,-0.02913114890654451,-0.014253612840771252,0.0258646389804662
2025-04-21,-0.01958340890990623,-0.023828343588713812,-0.046177454969923155,-0.02335889729652229,-0.014792725560840079
2025-04-22,0.033497849623206295,0.02121469867791688,0.020225220300371376,0.025407608674254133,0.027617067706951832
2025-04-23,0.02404027017405486,0.020426836894573197,0.03790143426335201,0.02529314742464783,-0.008624355504919015
2025-04-24,0.018258450714242275,0.033901398353594965,0.0355779407130693,0.024982878133605762,0.011666816841424192
2025-04-25,0.004357652325780252,0.011679632667810582,0.04213298300993362,0.0166858677099136,-0.0005525528057762597
2025-04-28,0.004101098311851275,-0.001762497413079066,-0.020752557799449293,-0.008370431242839834,0.000552552805776358
2025-04-29,0.00507883496768037,0.007335755075155966,0.002663541701362443,-0.0028056269526178707,-0.0024885313920005687
2025-04-30,0.006089047804380452,0.0030914864270824897,-0.0009177460396820735,-0.008527864764508111,-0.025516720186760048
2025-05-01,0.003851446517865031,0.07348596826917697,0.024397011671066938,0.015620545412250265,0.0014190655841249081
2025-05-02,-0.038077521816382055,0.02295958736135993,0.02556424954741541,0.016783346774582292,0.004056892515034279
2025-05-05,-0.031963978788773405,0.0020426474448761974,-0.005956572091273119,0.0010966915862563337,-0.028071339491088965
2025-05-06,-0.0019123842562824825,-0.006578705607320225,-0.0024630207932687313,-0.005985908141312987,0.013847554410620576
2025-05-07,-0.01145014834140849,9.232530148791122e-05,0.03053137522671381,-0.07536691275413585,-0.000955338779816844
2025-05-08,0.006298593991509425,0.011061331119675968,0.0026447306007199795,0.01897573452771261,0.013860001641293723
2025-05-09,0.005252220188113187,0.0012771799586525556,-0.006153365094515101,-0.009966376111113574,0.011622559954264474
2025-05-12,0.061232610917933784,0.023717487088309352,0.05300634876742282,0.03669954897837211,0.017092970044634278
2025-05-13,0.010101128824685867,-0.00026705358218108286,0.05481143125028611,0.006729776642167206,0.0027444596268461846
2025-05-14,-0.0028217110739244236,0.008424929500295544,0.040794262711428365,0.03595332899254198,-0.008993456082113153
2025-05-15,-0.0041531247868546355,0.0022536608454402883,-0.003775237244109822,-0.008562756985853296,0.010089494504395021
2025-05-16,-0.0008990293659761774,0.0025126226962358315,0.004218553336866687,0.013509098076997149,-0.0035982003253388862
2025-05-19,-0.011808522701296861,0.010075195089195408,0.001254695838942981,0.0021037775881929304,-0.016025723286010148
2025-05-20,-0.009238802480674083,-0.0015265760973737531,-0.008816451945526478,-0.01549101333408183,-0.014379325036722226
2025-05-21,-0.02332906866046245,-0.012297847710938498,-0.019385979908510684,0.0275473291337936,-0.012367670332925119
2025-05-22,-0.0036188573585364293,0.0050472095157763144,0.007784472588990611,0.013611260689456214,-0.006678647634624627
2025-05-23,-0.03071110487861441,-0.010342208052536684,-0.011661537423707832,-0.014145350641698473,0.000582516011083374
2025-05-27,0.02498362692148352,0.023077887913620077,0.031562961731518485,0.025955766103895862,0.004744568146726971
2025-05-28,0.0010483636887751138,-0.007254590473756205,-0.005105126806973366,-0.0031281551615452313,-0.013714086655518331
2025-05-29,-0.002347869664731671,0.0028820428859637954,0.03197351965516137,-0.002905052341421006,0.005664124176503759
2025-05-30,0.004491066900633698,0.003655906508106462,-0.02960257386263701,-0.0006984737025479225,-0.003805052040722109
2025-06-02,0.004223038592199533,0.0034912429168350886,0.016513500505562415,-0.015905503703894527,0.0073045682891641275
2025-06-03,0.00775374755762891,0.002162253700448431,0.02756804517640441,-0.017004749745171816,0.00725174892569334
2025-06-04,-0.0022163542450826016,0.0019420919004993064,0.004944626116286623,0.011190122010912512,-0.014556317214857402
2025-06-05,-0.010856439653194092,0.008179959295001706,-0.013692561690223913,0.000951596646225093,-0.004604914792331869
2025-06-06,0.01626532194490758,0.005756667715160575,0.012282227512946583,0.03200130976948563,0.023678873061014318
2025-06-09,-0.012186562603219835,0.005025787612065977,0.006400723144077613,0.014990628852086695,0.006690860973231572
2025-06-10,0.006037878129545515,-0.0038784070832168422,0.009281581599223064,0.014153405676749796,0.021208233740772922
2025-06-11,-0.01938038534214743,0.0036033329475096496,-0.007810998523934495,-0.0070234219213615254,0.019305086214801443
2025-06-12,0.0021106894117195567,0.013137468413418245,0.015078685098274031,-0.009347255080613013,0.003835008777931207
2025-06-13,-0.013901381409216582,-0.008198578582541157,-0.021118073175124843,-0.005879580215356637,0.021546885565750826
2025-06-16,0.009978032131971447,0.008762294353875523,0.018977830742543268,0.011951140698242256,0.0032056560810350154
2025-06-17,-0.014109811963743587,-0.0022984435487914917,-0.003947309718690903,-0.004649705067210889,0.013423059262873932
2025-06-18,0.004793319988930654,0.004591552451335456,0.009392319389974604,-0.015060175976234007,-0.007130627277266686
2025-06-20,0.022235410811889716,-0.005931223968961204,-0.01126743272200272,-0.039303899105847924,0.01325209322266039
2025-06-23,0.002484428736317933,0.01785389562841106,0.0022220651174162756,-0.008739518892053653,-0.026145208318835874
2025-06-24,-0.0059730924509316784,0.008421191109100416,0.02554303986210498,0.009519475425762864,-0.0309003484228529
2025-06-25,0.006270797391083151,0.004397547461238664,0.042427406190420444,0.023174618737637646,0.00027689985354449153
2025-06-26,-0.0027821336764694907,0.010467708027766509,0.004590493120936221,0.01661780376400225,0.014838087280465389
2025-06-27,0.0003980088646816655,-0.0030401030082375146,0.01745740501441185,0.028348435192377907,-0.005561399089647444
2025-06-30,0.020135985651885714,0.0029596989342190664,0.0015203325251185616,-0.01296653951019867,-0.01455028869476595
2025-07-01,0.012833452642264409,-0.010834417588273844,-0.030134974737803088,-0.0022155947935284595,0.013269664824103139
2025-07-02,0.021987220737205337,-0.001952827311318752,0.025439993152528935,0.01579810924267093,0.016433243763216154
2025-07-03,0.005211382965499187,0.015658036268665743,0.013203438882959067,0.004969729577280614,0.010302377668211092
2025-07-07,-0.01700160343653153,-0.002247782571864004,-0.006927356204234811,-0.015379670427539694,-0.009762234125293024
2025-07-08,0.00028579759973666486,-0.002212547157965789,0.01106083288019853,-0.013840432314984118,0.027343006309462316
2025-07-09,0.005366271415913139,0.013778453499477553,0.017839983153870063,0.01287838232323566,-0.0034211915253881168
2025-07-10,0.0059970054947703815,-0.004039855451496449,0.0074622986953861055,0.0056457663131398534,0.009880642088766859
2025-07-11,-0.005902339990113746,0.003662369936473059,0.004984454919256748,0.014365523235035977,0.004341067122033219
2025-07-14,-0.01210169433492717,-0.0005961819339719182,-0.0051673099282076845,0.007574294926136184,-0.01316786691070325
2025-07-15,0.0023460715289745234,0.005550974992262568,0.039614420191223965,0.002420594701817424,-0.00890533728976981
2025-07-16,0.005008640671377069,-0.0003954909711362287,0.00391734766955151,0.005315438362634949,-0.006040710692927904
2025-07-17,-0.000666366230369783,0.011953129932020627,0.009466639146369284,0.0033284140494186936,-0.0050917594261332974
2025-07-18,0.00550807738367113,-0.0032298198906944658,-0.0034162497036895195,0.008029462605880033,-0.035459265979315834
2025-07-21,0.006137064624154945,1.967869860667272e-05,-0.005991971184677883,0.026870187859220258,0.0025947677062276727
2025-07-22,0.008995464644902971,-0.00943547453188553,-0.025709853858088744,0.006501711031333402,0.004524633382221201
2025-07-23,-0.0011666327814258467,0.0011867643937927476,0.022202635834811597,-0.005818135851980564,0.01272500561965086
2025-07-24,-0.001822849641837873,0.009855098900553631,0.017183810026743608,0.01014653929093747,0.007792772656585256
2025-07-25,0.000561258324225121,0.00552424316396272,-0.0013823270754584475,0.005241961025333552,-0.003526368864030753
2025-07-28,0.0007945711497307053,-0.002358295404068372,0.01855865226448988,-0.0031106527588062828,0.009376156324335229
2025-07-29,-0.013072742970519372,0.00013660524372767702,-0.007040358648133097,0.016326692024330566,0.012839004777606664
2025-07-30,-0.0105635130005587,0.0013062394425995454,0.021197164904088208,0.003976747656240419,-0.008719660827953129
2025-07-31,-0.007104750713967717,0.038715532668236165,-0.007840175111206516,-0.023840748011239886,-0.0023261967975251947
2025-08-01,-0.025321593066626603,-0.017757575991914736,-0.023608121226798857,-0.014539758819728165,-0.018077114746425572
2025-08-04,0.004781584991822558,0.021760769050937805,0.035512069773851344,0.03076992628599866,-0.020921435092038518
2025-08-05,-0.0021168961182062526,-0.01483970500642718,-0.009713718442209087,-0.001898787079286468,-0.0012115677991297112
2025-08-06,0.04965337441251654,-0.005338583656342816,0.00648625663512085,0.007267934737082732,-0.006830423945992501
2025-08-07,0.031298712343558535,-0.00784114425754604,0.007496171998690576,0.002190539909957255,-0.005271615801431842
2025-08-08,0.04148529065897621,0.002301408926911543,0.010619919008578975,0.024627983848848713,0.007990687179028334
2025-08-11,-0.008372309739574823,-0.000517320119292145,-0.003509238112943672,-0.0020872799154746115,-0.009123922650307002
2025-08-12,0.010813758371364397,0.01421506451612655,0.006023816556037098,0.011574521194117225,0.0028306843930305664
2025-08-13,0.015897437361664515,-0.016498443628628182,-0.008608653798644192,-0.0068097760093447125,0.013755877532661968
2025-08-14,-0.002360009613884975,0.0036430358758228107,0.0023651056738877856,0.0048406479722047265,-0.002046722197305727
2025-08-15,-0.005125269260025916,-0.004430971384685024,-0.008662804692042862,0.004719304346207403,0.0009395316615168426
2025-08-18,-0.003027098981898543,-0.005919476116473005,0.008607801368352591,-0.0019636395635978148,0.0021575497253696328
2025-08-19,-0.001430291785831238,-0.014276504165331777,-0.035625106188042995,-0.009529212916283072,0.006537757260328841
2025-08-20,-0.01993191816954049,-0.007976491622802652,-0.0013673634964971996,-0.011225190433829855,0.010280287873056682
2025-08-21,-0.00492334850628289,-0.001288299478559743,-0.0023974379006856325,0.00215500352401024,0.006429145055016735
2025-08-22,0.012636557853807327,0.005912290029565607,0.01705581002367675,0.03124632550306463,0.018593718738087142
2025-08-25,-0.0026378418247804086,-0.005872544882251361,0.01017330889317426,0.011578211269541552,0.004125156303060405
2025-08-26,0.0094202286822618,-0.004412227578508171,0.010841395706416915,-0.006496213237187709,-0.002239857747750318
2025-08-27,0.005132719840409774,0.009318203571517273,-0.0009355788578708133,0.0016400470136292808,0.011238166501011546
2025-08-28,0.008940749184059526,0.005706561968358172,-0.007905708413872031,0.019851797348215974,0.005307391387226051
2025-08-29,-0.0018076343154580796,-0.0058051995631202445,-0.03381165435421267,0.005982784943129152,0.008258655959718713
2025-09-02,-0.010479434881734952,-0.003103369107083713,-0.019713036514491123,-0.007353997940113773,0.0034938214668393712
2025-09-03,0.0373823332188683,0.0004552682916525242,-0.0009372260023245525,0.08742923824927916,-0.024537860180295204
2025-09-04,0.00547826662608221,0.005171154071776547,0.006076904242296264,0.007084854251751155,0.004368902973679559
2025-09-05,-0.00037541330898129005,-0.025864628358700167,-0.02740216240269134,0.011555859127978367,-0.028608095401577556
2025-09-08,-0.00758004513282915,0.006443817121539332,0.007693824414153946,-0.00319950130122843,0.005659934277912074
2025-09-09,-0.0149506219450665,0.0004214419360077569,0.014451498666018775,0.02360414026428712,0.007256328377916573
2025-09-10,-0.032791271045805905,0.003924773849070978,0.03775343262051414,-0.0019215563499957269,0.016581150199521125
2025-09-11,0.014185276809186579,0.0012782561102659654,-0.0008462586151700266,0.005004838148942116,-0.0032051266379155854
2025-09-12,0.017410496957209892,0.017588555726204592,0.0036620168169008314,0.0017872947959423383,0.00017836688789689593
2025-09-15,0.011173249798929598,0.01065103481439463,-0.0003936467559653467,0.04391355436609088,0.001692486811340843
2025-09-16,0.006107248126145962,-0.012339077089064716,-0.016278071737281796,-0.0017900718635644308,0.020526700560319622
2025-09-17,0.003521013968839509,0.0019233021834196365,-0.02659722737366243,-0.0065110527491523415,0.005305061880676316
2025-09-18,-0.004655392669439339,-0.003083015295126659,0.03434388991210669,0.009968996496071043,-0.011866520292502838
2025-09-19,0.03153058391446455,0.018473142240245984,0.0024367633114044094,0.010616794339763886,-0.009790566351391881
2025-09-22,0.042192900302590174,-0.006741704761093789,0.038530451374934785,-0.008634901810108654,-0.007116261128084039
2025-09-23,-0.006464105813548765,-0.010198490509050449,-0.028617642790173294,-0.003451024718333726,0.017082392226226643
2025-09-24,-0.00836725849202465,0.0018049158360357077,-0.008216136468703266,-0.018124063417669697,0.005338889649891397
2025-09-25,0.01791159235712427,-0.00613457935532753,0.004060340737146719,-0.005477429606287339,0.008950782912895413
2025-09-26,-0.005504221127631377,0.008699201183663099,0.0028099031575023995,0.0030467196717036335,0.01400309490457245
2025-09-29,-0.0040401127374681736,0.006120433528702793,0.020331822428759798,-0.010151114241028419,-0.025926062224801136
2025-09-30,0.0007858061820065801,0.006488918695771688,0.02567782632915341,-0.0039001948597837633,-0.012953468260064466
2025-10-01,0.0032151674950933427,0.003392318678860003,0.003531195606199452,0.0073770348997329194,-0.006763456758155283
2025-10-02,0.006555096245001334,-0.007668304758186292,0.008773575541577188,0.0032206022619954244,-0.006270131643197955
2025-10-03,0.0034553030219053762,0.0031167465862329048,-0.006746146966392577,-0.0013847532324269226,0.01754671589628385
2025-10-06,-0.005168026032186899,0.021455827695391016,-0.011148237209627232,0.020493602963267292,0.008265191073429778
2025-10-07,-0.0008183005676312295,-0.008721831535095682,-0.002698441213908405,-0.018823996841812764,0.0005252214593125148
2025-10-08,0.0061414329738929815,0.0016589857908293844,0.02175681948046783,-0.004649421506269645,-0.0021026789097866147
2025-10-09,-0.01570052856314726,-0.004678862571105753,0.018130894630978597,-0.012712328321986498,-0.009782731615400385
2025-10-10,-0.035132010240949876,-0.022142294719191255,-0.05009963153015511,-0.02074944144455287,-0.019496312401889145
2025-10-13,0.009697188915848344,0.0060291789089077265,0.027782585224038966,0.03153851989341768,0.01354459470806871
2025-10-14,0.00044404353368307243,-0.0009341673944619213,-0.045019240466326105,0.005310456827166223,0.00044539145496367747
2025-10-15,0.006316543897858392,-0.00027266725767293955,-0.0011114789856192203,0.022479209588675445,-0.0060741508248820675
2025-10-16,-0.00760886043856255,-0.0035510972261531644,0.01095022271154542,0.0017115230188457526,-0.008728900078281141
2025-10-17,0.01937056750233797,0.0038433358984866937,0.007725462942447067,0.007290587009788774,0.014357659448199504
2025-10-20,0.03868097494530444,0.006230571987293041,-0.003170638763439442,0.01274901853459743,0.0040899455266375975
2025-10-21,0.0020188933418115364,0.0016821661103704202,-0.008136414546060781,-0.024024304144002227,8.881301751706461e-05
2025-10-22,-0.016576702058946933,0.0055481351276853155,-0.004869391502995129,0.00489894924126363,0.017589032369603866
2025-10-23,0.004362523603168023,3.838286627001202e-05,0.010374211051715317,0.0055075056890811335,0.011010593648436722
2025-10-24,0.012404640585310558,0.00584194641894034,0.022258035392054606,0.02666824072697603,-0.0051001105957841145
2025-10-27,0.022535316635468854,0.01499383734595132,0.027692151144970024,0.03534057154659666,0.004755164531525114
2025-10-28,0.0007065606505676427,0.019654270339029917,0.04861857742843619,-0.006707026124808853,-0.007879891680187353
2025-10-29,0.0025988547161788934,-0.0009598140699903957,0.02945785122908878,0.026198806931207897,0.012268982936987997
2025-10-30,0.006283446827328092,-0.029590559153544842,-0.020248085279448852,0.024855191878668994,-0.015229072749618293
2025-10-31,-0.003802262344922466,-0.015236525400138043,-0.0019734183403692595,-0.0010309269745201548,-0.0028814819115321076
2025-11-03,-0.004894215035782787,-0.0015074088681434853,0.021448378486165685,0.008957285945313502,-0.005260394252986416
2025-11-04,0.003672905070218473,-0.0052357444173193966,-0.04039310108689996,-0.022022824002001173,0.003334760580736861
2025-11-05,0.00037029605711407865,-0.014038629624112751,-0.01766982230750043,0.024100084032032534,-0.004038241888297077
2025-11-06,-0.0013707015250657905,-0.020035324263284925,-0.037208545384962245,0.001546479061797542,0.007187363275602813
2025-11-07,-0.004830527423589156,-0.0005634228707259525,0.0003721114707823952,-0.021009283863888773,0.023477655867557047
2025-11-10,0.004538407434672484,0.018308848782548074,0.05631653285510292,0.03962337714019774,0.008494772887046862
2025-11-11,0.02137110593244862,0.0052824917482013276,-0.030037214335174377,0.004162354854152845,0.013109413943218164
2025-11-12,-0.006487791833362907,0.004824422150558545,0.003307882918741538,-0.015916813985590646,-0.013955618531649288
2025-11-13,-0.0019032501358421112,-0.015477005621992168,-0.03646711365097375,-0.028801807494152357,0.005656147352159466
2025-11-14,-0.0019804359095259394,0.013597025625161638,0.017558708664468615,-0.007784119323152159,0.01290882640032696
2025-11-17,-0.018338265985077234,-0.005286604783278475,-0.018951053657407912,0.030674005342199617,-0.013588448715161084
2025-11-18,-7.469497556412872e-05,-0.02736658518824587,-0.028483287444823868,-0.0025996400053332185,0.011406512550304483
2025-11-19,0.004179013490990589,-0.013599922172871235,0.02805449587626998,0.029564284535910354,-0.01421464261545658
2025-11-20,-0.008638599469070626,-0.01613068922111437,-0.032032423697866866,-0.01154135250050041,-0.0028161035028936936
2025-11-21,0.01948949882234899,-0.013276705058988399,-0.009790851268402874,0.03466599020400327,0.0005126507828331335
2025-11-24,0.01618582582601152,0.00397416003412538,0.020308941393949672,0.06122497805061949,-0.009525951468846959
2025-11-25,0.003798202195763628,0.006288127313256544,-0.02625236853586816,0.015140059835671509,-0.012669378663211325
2025-11-26,0.00209182590417099,0.017683784095154906,0.013628426497535618,-0.010848780209191495,0.002267965165596717
2025-11-28,0.004672952133414649,0.013319822731352777,-0.018250529412443567,0.0007185643687783809,0.0099701882528492
2025-12-01,0.015126209461309542,-0.010768997568688727,0.01636265119304991,-0.016659911908310523,0.006106236644341464
2025-12-02,0.010855683796743168,0.006675328097538651,0.008522905549192543,0.0029172344192905323,-0.010775556681884336
2025-12-03,-0.007153633631999635,-0.025359686639780894,-0.010358780113431765,0.01202331630771739,0.020757307280953843
2025-12-04,-0.012215793279375341,0.006488829072488685,0.02093976783855516,-0.0063083462426176415,-0.005618487987819146
2025-12-05,-0.006863570983802831,0.004813310246453404,-0.005303645132968149,0.011426102454092469,-0.0051352070363859985
2025-12-08,-0.003197560218945108,0.016137000980794174,0.017067494481283838,-0.02312696870434922,-0.004816778015178573
2025-12-09,-0.0025582890023414006,0.0020344823434482223,-0.0031307522745196094,0.010653139934015557,0.0193832380155677
2025-12-10,0.005755849221286536,-0.027737779361902727,-0.006454291233027983,0.009822952520779624,0.010849993829182895
2025-12-11,-0.0026939160410902646,0.010207703021102152,-0.015629217144241425,-0.024596615763819704,0.0
2025-12-12,0.0008988517870461178,-0.010270341829200724,-0.03320989556876012,-0.010100983850478407,-0.006041301668911115
2025-12-15,-0.015098445975886323,-0.007783156157861534,0.0072300945050929495,-0.003465623769497765,-0.008961062566207463
2025-12-16,0.0018224589395023538,0.003301087054829448,0.00807896271619421,-0.005367682990212155,-0.02650302979824149
2025-12-17,-0.010138194827446007,-0.0005669737926510515,-0.03889665598996,-0.032657207132669064,0.02352648692271791
2025-12-18,0.001286685099730744,0.016373726679337935,0.01854688041923136,0.019160103930283324,-0.007437546718929789
2025-12-19,0.005422726861126484,0.004000407866591435,0.03858226769342382,0.015419821107802087,0.0012862431859791252
2025-12-22,-0.009915011500959322,-0.002060048477056384,0.014807720863768647,0.008493507714034763,0.012434155007280614
2025-12-23,0.005116613877828172,0.003972124468264389,0.02960802520538894,0.014644703786338064,0.01069167100353558
2025-12-24,0.0053096944255422995,0.0024002425695715777,-0.003176160869262579,-0.0008274762215582041,-0.0016761120296728796
2025-12-26,-0.0014984751785940306,-0.0006353623154994487,0.010128246578782895,-0.0018483046983492999,-0.0009231249894017772
2025-12-29,0.0013159470067161956,-0.0012515285287563304,-0.012198174039463773,0.00015944772873111013,0.011851256518047783
2025-12-30,-0.0024870835251959533,0.0007798555139255491,-0.003619329992199417,0.0009245293403182192,0.0038092190202606772
2025-12-31,-0.004477611054965066,-0.007949824505874468,-0.005560855557135792,-0.0027120514297977482,-0.005386847447175225
2026-01-02,-0.003131421666977736,-0.0223309251501613,0.012521788173345913,0.006845560294849816,0.0190137285013822
2026-01-05,-0.013933738517613961,-0.00019035563217633658,-0.0038730170930417218,0.004400950063005315,0.02185481359161488
2026-01-06,-0.018504465279846907,0.01189892640767269,-0.004688795139394922,-0.006974520740890478,-0.03498586113164206
2026-01-07,-0.007767566996107173,0.010312145829044314,0.009937584060043825,0.024014285711292337,-0.021375204234605708
2026-01-08,-0.004967425592754203,-0.01114846507572145,-0.02175683184431315,0.010688631593745527,0.036623856492701834
2026-01-09,0.0012730846985475868,0.002444193949197288,-0.0009732491752103244,0.00957182112594326,0.013736477255695833
2026-01-12,0.0033871074933367975,-0.0043912574434964635,0.000432699636909862,0.009963206925160634,-0.0046654251736998106
2026-01-13,0.003069147713342097,-0.013736508896486622,0.004693178813997547,0.012308792396941009,0.020035029424735264
2026-01-14,-0.004184101371076401,-0.024279440189170654,-0.014473787878718945,-0.000387028416234941,0.028513197865626123
2026-01-15,-0.006754637533752875,-0.005938623145013116,0.021125164339048683,-0.009153286663243547,-0.008251936901502596
2026-01-16,-0.010433311478838362,0.006982909509314685,-0.0043936053878168,-0.008388960492390922,0.005868221287479241
2026-01-20,-0.035166801688047915,-0.01168020245933228,-0.04480567027408543,-0.024541053160633076,0.004378824442188594
2026-01-21,0.003843435636429064,-0.023169633344756864,0.029056579750963277,0.019619949022021157,0.023858379762521975
2026-01-22,0.002822624697434856,0.0157054707038651,0.00825721619066442,0.00655619763492286,0.0002245017389922681
2026-01-23,-0.001249069268077672,0.03230062336052797,0.015194528911584565,-0.007927572944667685,0.009902941717883676
2026-01-26,0.029280086238765112,0.009249908201714471,-0.006414656086299057,0.016122833979031078,-0.0009637243497039966
2026-01-27,0.011135349261250545,0.021665458667270262,0.010933690593106213,0.0038632891710417092,0.014650375830098844
2026-01-28,-0.007110666301096413,0.002182473591107379,0.015788190876832572,0.004354701390169259,0.005466336814218539
2026-01-29,0.00714945879943628,-0.10528436571963382,0.005155768924444679,0.006644283298444014,0.02107308691616225
2026-01-30,0.004635379456155208,-0.0074324141529379046,-0.007194213250918772,-0.0007393501317570216,0.006314001244615102
2026-02-02,0.039779426403429755,-0.016212885627165805,-0.029306114416740678,0.016694213794798365,-0.021444688615393778
2026-02-03,-0.0019648412969745957,-0.02914250604864986,-0.028803821486399327,-0.011647874476241325,0.03778849485064373
2026-02-04,0.0256803727265563,0.0072208269872281825,-0.03469725096611551,-0.019829636450916593,0.026501622106979376
2026-02-05,-0.0020998540074744607,-0.05081179884428329,-0.013350101548895904,-0.005389275397959648,-0.010283624528324356
2026-02-06,0.007977885766246336,0.01879745669478541,0.07577302301087933,-0.025654573874261913,0.02012738674811202
2026-02-09,-0.011729030888589332,0.030588866559683087,0.024664966763379943,0.004511925334419058,0.014387730447437018
2026-02-10,-0.0034287922059860762,-0.0007982784835396777,-0.007924416525772629,-0.01785715676313767,0.002509930472198664
2026-02-11,0.006628114685600525,-0.021770827640910106,0.007977089879130206,-0.024209286102774716,0.025851979259776576
2026-02-12,-0.051274148572826785,-0.006276282350313641,-0.016499491079763246,-0.00632299997152607,-0.030219774690257842
2026-02-13,-0.022995784787441406,-0.0012948429668145959,-0.022340344621430332,-0.010671583553227186,-0.00992028900359924
2026-02-17,0.03117677762588167,-0.011175581103172197,0.011746279262754105,-0.012176479431025972,-0.015341018428537426
2026-02-18,0.0017795329116435036,0.006880484157494272,0.016141868716214123,0.004328093401154852,0.030251171992317527
2026-02-19,-0.0143641415256223,-0.0005770833455999856,-0.0004256193690695209,-0.0015836303703204786,0.001922815449308322
2026-02-20,0.015233748038497256,-0.003091609658687483,0.010166403704481202,0.03927148812826025,-0.024745621028871012
2026-02-23,0.006029131859271349,-0.032649720007401746,0.00907260443723529,-0.011141922350469916,0.023353603325944966
2026-02-24,0.022143949447182894,0.011713577948725896,0.006763798223351665,-0.0018958668796003311,-0.009999417061864612
2026-02-25,0.007650516806739749,0.029384094849206652,0.013954478630994869,0.006412245741813115,-0.0013408218257210086
2026-02-26,-0.004678537445938535,0.0027918930961768774,-0.056106163785103344,-0.017798773321711953,-0.0034946560327688424
2026-02-27,-0.03265801167898957,-0.02260754110711472,-0.04253837483251021,0.014148905132685683,0.026310359005369016
2026-03-02,0.0020420069532886102,0.014685139788609984,0.029417916615645075,-0.01695079993982964,0.011215566272684338
2026-03-03,-0.0036709834343797076,0.013408647244178758,-0.013405999706042235,-0.009637824548512926,-0.015618676366153939
2026-03-04,-0.004674457034245198,0.0031392250109650473,0.01647011544804586,-0.001483287269766051,-0.01332686354747194
2026-03-05,-0.008530800875914566,0.013433502095925965,0.0016376663504562787,-0.0074503295510835125,0.006254509555927028
2026-03-06,-0.01093209183794695,-0.004196973741552476,-0.030570537605429608,-0.007874573956311054,0.00298051156307204
2026-03-09,0.009355669758880348,0.0010997770081359087,0.026799887586009843,0.02662762715355561,-0.00510529369495002
2026-03-10,0.00364879782998301,-0.008955231986681241,0.011540154718599876,0.0022172268624518696,-0.015474050273591158
2026-03-11,-7.663911620952738e-05,-0.002171136910573758,0.006850206049899695,0.005391910962074921,0.023023250906691155
2026-03-12,-0.019552680241045003,-0.007487006160910448,-0.015657060121153334,-0.016823669689253397,0.012782429256224434
2026-03-13,-0.022298700096560726,-0.015826562198313323,-0.01590610818182284,-0.004192565248006616,0.01672893131649389
2026-03-16,0.01073701886028607,0.011062399209724537,0.016342847084503342,0.010792414569018402,0.007084763272473108
2026-03-17,0.005561550258065924,-0.0013511024228114073,-0.0070656657992947056,0.01738953686590366,0.009998829440563258
2026-03-18,-0.01701845346996249,-0.0192624636248771,-0.008445383654979622,-0.010442897002126443,-0.0077118033536579
2026-03-19,-0.003928630867926254,-0.007095275831026389,-0.010251908275091526,-0.0018216639236959455,0.003610501621050562
2026-03-20,-0.0039038230355726406,-0.01855050417363923,-0.03336869803842486,-0.020160861874423845,0.00950197186704481
2026-03-23,0.014014804238242614,0.002954765416776362,0.01688047473673104,0.0035154003067988243,0.009102349005170533
2026-03-24,0.0005962431159833461,-0.02715388972769002,-0.002508281134920151,-0.0392286421377402,0.026034362929790365
2026-03-25,0.0038868717408098437,-0.0045712029160832725,0.019668294409632546,0.0016856403134361691,-0.012901897442340701
2026-03-26,0.001068245142811088,-0.013758530372588954,-0.04253034213772591,-0.035012684141412065,0.013204111968613486
2026-03-27,-0.01630523602902272,-0.025460080504767918,-0.021963340729077872,-0.02370177938849612,0.03305700704104683
2026-03-30,-0.008760115500651625,0.006119652203548736,-0.01412753717929103,-0.0030665778394265166,0.002803223923661427
2026-03-31,0.028617869316112193,0.03075145798999422,0.054376241030536364,0.05012990376355891,-0.010611875345229468
2026-04-01,0.0072239786626750405,-0.0021635573826314564,0.007711054213118247,0.03361293234397785,-0.05375949265714517
2026-04-02,0.0011337828774017462,0.011012042440085764,0.009288164369341389,-0.00546236985934948,-0.0005599050605033121
2026-04-06,0.011422429939559263,-0.0015542157511646848,0.0014083319278955812,0.014167020103907902,0.016540478903426085
2026-04-07,-0.02092349539479067,-0.001583521748180303,0.002586197577764938,0.01806970095422138,0.003299981893108692
2026-04-08,0.021078040151454248,0.005464582028634288,0.022100936428509733,0.03809194234694082,-0.04805224104731311
2026-04-09,0.006122572068527736,-0.003371636210728199,0.010000366429111892,0.003680295167503025,-0.007582173157793257
2026-04-10,-3.8310259802688224e-05,-0.005914505506076854,0.025340922819897742,-0.003932492250759796,-0.0164529731886526
2026-04-13,-0.004926113418270593,0.03575403391967977,0.003598419882182582,0.012747827167694846,0.0008520720516362867
2026-04-14,-0.0014285879140919877,0.022483816018266257,0.03732742252058659,0.03546581258114935,-0.022526418540800053
2026-04-15,0.02894009378924964,0.04503892039800363,0.011938027722559317,0.012566741391097948,-0.0015424042375725587
2026-04-16,-0.011437751311164823,0.021745236543680494,-0.002618142636842663,-0.0032682862661814957,0.019735524206674605
2026-04-17,0.02559972274868711,0.0060020314796961965,0.016649068831843417,0.01670395579151272,-0.03713310020589144
2026-04-20,0.010381395006123128,-0.011226721944164157,0.0018824243533806851,-0.012546120124168936,0.008431916235590987
2026-04-21,-0.02551963105392037,0.014461851036348103,-0.010847460012281764,-0.015320377639346537,0.004594035576036741
2026-04-22,0.025959108321062463,0.020442233269101853,0.013022675641870152,0.02093552919072966,0.007654636095360972
2026-04-23,0.000951259658793847,-0.04046886637057255,-0.014224145002446242,-0.0012680223513810403,0.006865998932303626
2026-04-24,-0.008705431236900629,0.0211105217434589,0.042319593820825736,0.016128140658262267,-0.010820270568161433
2026-04-27,-0.01280954755535656,0.00047092722300055997,0.03926316900565752,0.01710034623908102,-0.004846870517958407
2026-04-28,0.01151746361085137,0.010373932738088273,-0.016008543515173078,-0.0015997191393576128,0.01586640894464058
2026-04-29,-0.0019966654409926303,-0.01122174710136712,-0.01856025148587312,0.00045733626198783656,0.026932143590022346
2026-04-30,0.004358082807074243,-0.04008994238092317,-0.047364620689692674,0.0949619688753806,-0.0022006244343062784
2026-05-01,0.03188000749804144,0.016200406979112132,-0.005627924828786003,0.002310257253367211,-0.01029058072557688
